time,x_pos,y_pos,z_pos
44875,0.5000931024551392,0.49798405170440674,0.037542667239904404
44885,0.5000178217887878,0.4985158145427704,0.0347219780087471
