time,roll,pitch,yaw
44874,0.5218943953514099,-1.3599421977996826,-0.029726345092058182
44884,0.2879663109779358,-1.3556914329528809,-0.030649494379758835
