time,x_gyro,y_gyro,z_gyro
44879,0.17731572687625885,0.050941403955221176,0.03567610681056976
44889,0.1750219613313675,-0.11115013808012009,0.16950678825378418
