time,x_accel,y_accel,z_accel
44876,-0.020567666739225388,0.005825947038829327,0.9969528913497925
44886,-0.02631343901157379,0.0055412002839148045,1.0001634359359741
