time,x,y,z
0,0,0,0
0,0.6985,0.79375,0
0,-0.7493,0.94615,0
0,-0.003175,0.1905,0
0,0.762,-0.4953,0
0,-0.6985,-0.4699,0
0,0.1651,0.4699,0
